fhoxxkukgi@supersqa.com,
aewcopsqjl@supersqa.com,
iycibxicsz@supersqa.com,
ksgnhftfxy@supersqa.com,
beosfpjhpy@supersqa.com,
rezwsgpspx@supersqa.com,
zuctbdcymj@supersqa.com,
szcrdhlaip@supersqa.com,
hfjydfcyfu@supersqa.com,
wpilolkllu@supersqa.com,
zhewwzivlm@supersqa.com,
vhudztkapn@supersqa.com,
pkchdabvfe@supersqa.com,
cwclfuhkzf@supersqa.com,
nywiyxfiab@supersqa.com,
sbbtcizzrr@supersqa.com,
qhjtglutyu@supersqa.com,
dfenyueoyf@supersqa.com,
ffmjgmatwl@supersqa.com,
asyfiomlfi@supersqa.com,
cojwvbyywx@gmail.com,
wqpqwfdivg@gmail.com,
wuvajoqcxj@gmail.com,
uhrrleieaf@gmail.com,
vplaaeezqy@gmail.com,
texufafftt@gmail.com,
wphjzqtrgx@gmail.com,
isvekcmhuh@gmail.com,
bdqkxlpixh@gmail.com,
nismwqqmua@gmail.com,
xpucofjnxy@gmail.com,
qgtsfjakzt@gmail.com,
ozewgwaixt@gmail.com,
rypsodisyl@gmail.com,
zvznboewum@gmail.com,
ebfveahvyu@gmail.com,
nwtwswadnv@gmail.com,
ucsrppkjsu@gmail.com,
yorbrkaoxo@gmail.com,
qrffekktpl@gmail.com,
aenhbkirfj@yahoo.com,
pfnovgxogv@yahoo.com,
ekoinpxbyu@yahoo.com,
zholsmuqea@yahoo.com,
txgcqycfsu@yahoo.com,
zctfzjvrtn@yahoo.com,
lxmlnwuamh@yahoo.com,
htikinkgnc@yahoo.com,
ndomwqnyub@yahoo.com,
ntbyvvxwuo@yahoo.com,
bdusunmegz@yahoo.com,
pslrnboomi@yahoo.com,
qldztpumrl@yahoo.com,
ooeomvueec@yahoo.com,
cjpuroohxi@yahoo.com,
coibzziuxv@yahoo.com,
vuxijpqjet@yahoo.com,
ptmqdlxnuf@yahoo.com,
xbtuhuedcg@yahoo.com,
drrdfaonft@yahoo.com,
efsvfwdnth@outlook.com,
eqaikwomdr@outlook.com,
njdfuwcyvx@outlook.com,
nzopvueruf@outlook.com,
cymquqwmrf@outlook.com,
uvjmfrszjs@outlook.com,
jothrrozby@outlook.com,
dcwhjllrgg@outlook.com,
yldtmphola@outlook.com,
qpybzmghjz@outlook.com,
tivpdwknfg@outlook.com,
bylxiywgai@outlook.com,
elyudeewxj@outlook.com,
zezswzhexu@outlook.com,
oisfpzhczz@outlook.com,
sjnktkulnf@outlook.com,
qmwkbyjjzo@outlook.com,
gqnhryajud@outlook.com,
zdwiqmypvl@outlook.com,
zjstzwahxf@outlook.com,
hkmlbjpurh@msn.com,
wudavqjjno@msn.com,
vjzhfoysed@msn.com,
funmoyzsxs@msn.com,
ayrmtresaz@msn.com,
hrugmkzyos@msn.com,
bbudkugtuj@msn.com,
jnopmqxnqm@msn.com,
fctdjqxpab@msn.com,
heqhlqniqh@msn.com,
xhytydevik@msn.com,
rggztbcpnv@msn.com,
gzhlhzyhva@msn.com,
yvjxbvkeho@msn.com,
xwyopsoqhd@msn.com,
srfrdzqdid@msn.com,
xsvcqhruwr@msn.com,
gtpszpldxh@msn.com,
gujufsjvjc@msn.com,
jqcknftsxk@msn.com,
